{
    "interactionModel": {
        "languageModel": {
            "invocationName": "my tube",
            "intents": [
                {
                    "name": "AMAZON.CancelIntent",
                    "samples": []
                },
                {
                    "name": "AMAZON.HelpIntent",
                    "samples": []
                },
                {
                    "name": "AMAZON.StopIntent",
                    "samples": []
                },
                {
                    "name": "QueryIntent",
                    "slots": [
                        {
                            "name": "Query",
                            "type": "AMAZON.SearchQuery",
                            "samples": [
                                "the beetles",
                                "music",
                                "vamps",
                                "paul Hibbert"
                            ]
                        }
                    ],
                    "samples": [
                        "Search for {Query}",
                        "Look for {Query}",
                        "play {Query}",
                        "hello",
                        "how are you",
                        "say hi world",
                        "say hi",
                        "hi",
                        "say hello world",
                        "say hello"
                    ]
                },
                {
                    "name": "AMAZON.NavigateHomeIntent",
                    "samples": []
                },
                {
                    "name": "AMAZON.FallbackIntent",
                    "samples": []
                },
                {
                    "name": "AMAZON.PauseIntent",
                    "samples": []
                },
                {
                    "name": "AMAZON.ResumeIntent",
                    "samples": []
                },
                {
                    "name": "AMAZON.MoreIntent",
                    "samples": []
                },
                {
                    "name": "AMAZON.NavigateSettingsIntent",
                    "samples": []
                },
                {
                    "name": "AMAZON.NextIntent",
                    "samples": []
                },
                {
                    "name": "AMAZON.PageUpIntent",
                    "samples": []
                },
                {
                    "name": "AMAZON.PageDownIntent",
                    "samples": []
                },
                {
                    "name": "AMAZON.PreviousIntent",
                    "samples": []
                },
                {
                    "name": "AMAZON.ScrollRightIntent",
                    "samples": []
                },
                {
                    "name": "AMAZON.ScrollDownIntent",
                    "samples": []
                },
                {
                    "name": "AMAZON.ScrollLeftIntent",
                    "samples": []
                },
                {
                    "name": "AMAZON.ScrollUpIntent",
                    "samples": []
                }
            ],
            "types": []
        },
        "dialog": {
            "intents": [
                {
                    "name": "QueryIntent",
                    "confirmationRequired": false,
                    "prompts": {},
                    "slots": [
                        {
                            "name": "Query",
                            "type": "AMAZON.SearchQuery",
                            "confirmationRequired": false,
                            "elicitationRequired": true,
                            "prompts": {
                                "elicitation": "Elicit.Slot.1495999501519.539061936133"
                            }
                        }
                    ]
                }
            ],
            "delegationStrategy": "ALWAYS"
        },
        "prompts": [
            {
                "id": "Elicit.Slot.1495999501519.539061936133",
                "variations": [
                    {
                        "type": "PlainText",
                        "value": "What is the music you wish to play?"
                    }
                ]
            }
        ]
    }
}
